number,expiration,cvc,holder
"1234","12/26","123","JOHN SMITH"
"5678","12/28","456","JANE CALH"
"7213","12/29","473","JOHN DOE"
"4321","11/23","321","MARY JANE"
"8765","10/25","654","ROBERT BROWN"
"9876","09/27","789","EMMA THOMPSON"
"3456","08/26","987","SOPHIA GARCIA"
"7890","07/28","321","MATTHEW JONES"
"5432","06/29","654","OLIVIA WILSON"
"1098","05/30","987","WILLIAM MARTIN"
"2468","04/31","123","AVA ANDERSON"
"1357","03/32","456","JAMES MILLER"
"8642","02/33","789","ELIZABETH DAVIS"
"9713","01/34","321","CHARLES WHITE"
"7531","12/35","654","GRACE TAYLOR"
